ID,Nama,TanggalLahir
1,ibrahim,12-12-12
3,Sari Halim,03-06-1973
4,Bunga Pratama,16-10-2003
5,Oki Kusuma,27-09-1963
6,Lina Gunawan,28-07-1992
7,Hani Irawan,03-09-2000
8,Eka Kusuma,21-06-1960
9,Citra Setiawan,09-08-1958
10,Gita Siregar,06-07-1963
11,Mulyono Setiawan,03-06-1977
12,Irfan Irawan,05-07-1989
13,Eka Wijaya,12-04-2003
14,Rudi Tanuwijaya,18-02-1973
15,Ahmad Siregar,16-08-1996
16,Lina Prabowo,10-08-1962
17,Bunga Saputra,13-09-1987
18,Wahyu Irawan,27-04-1978
19,Rini Setiawan,01-02-1988
20,Lina Irawan,25-01-1990
22,Sari Hidayat,26-09-1972
23,Eka Kusuma,10-06-2003
24,Joko Prabowo,08-02-2001
25,Joko Wibowo,23-05-1966
26,Tuti Siregar,04-04-1958
27,Teguh Hidayat,03-09-2000
28,Cahyo Kusuma,03-02-2007
29,Wulan Wijaya,17-08-1980
30,Fitri Tanuwijaya,21-03-1972
31,Intan Setiawan,01-08-1964
32,Tuti Hidayat,14-11-1964
33,Oki Irawan,12-08-1985
34,Intan Hidayat,16-12-1964
35,Gunawan Susanto,28-01-1984
36,Rini Pratama,02-02-1997
37,Fitri Santoso,01-03-1977
38,Gunawan Kusuma,21-04-1968
39,Teguh Siregar,18-05-2004
40,Rudi Gunawan,03-10-1986
42,Wahyu Wibowo,28-04-1974
43,Hani Saputra,08-07-1999
44,Dedi Siregar,05-01-1967
45,Ani Saputra,15-06-2008
46,Gita Setiawan,11-04-2004
47,Lina Setiawan,18-12-1982
48,Hadi Irawan,08-08-1985
49,Rini Hidayat,06-12-2003
50,Tuti Wijaya,01-01-1980
51,Kurniawan Wibowo,19-04-1961
52,Juli Pratama,17-09-1994
53,Sari Pratama,18-05-1998
54,Ani Susanto,01-03-1957
55,Surya Prabowo,05-12-1958
56,Nur Prabowo,11-11-1981
57,Irfan Siregar,06-03-1998
58,Nur Susanto,12-11-1982
59,Teguh Kusuma,05-09-1984
60,Surya Setiawan,14-12-1976
61,Lina Gunawan,26-07-2006
62,Eka Siregar,20-05-1975
63,Rudi Halim,15-06-1994
64,Maya Halim,09-09-1962
65,Kartika Kusuma,06-12-1964
66,Nur Irawan,25-01-1958
67,Eka Prabowo,08-05-1982
68,Maya Siregar,17-05-1989
69,Fitri Pratama,06-06-2002
70,Ani Siregar,11-08-1974
71,Fajar Saputra,06-06-1997
72,Rini Pratama,15-07-1975
73,Citra Halim,27-07-1987
75,Juli Pratama,17-04-1976
76,Ahmad Siregar,28-06-1994
77,Kurniawan Halim,26-10-1966
78,Wulan Pratama,17-03-1979
79,Wulan Siregar,05-09-1984
80,Intan Wijaya,26-11-1957
81,Purnomo Santoso,27-02-1957
82,Putri Siregar,16-02-1983
83,Eka Susanto,05-06-1973
84,Fitri Tanuwijaya,22-07-1978
85,Putri Wijaya,19-11-1968
86,Ahmad Saputra,14-10-1957
87,Dedi Wijaya,15-02-1997
88,Eka Susanto,10-07-1990
89,Sari Gunawan,21-09-1970
90,Tuti Kusuma,27-01-1975
91,Sari Saputra,06-03-1988
92,Lina Wijaya,20-10-1996
93,Purnomo Tanuwijaya,01-09-1956
94,Fitri Wijaya,06-07-1988
95,Gita Wibowo,16-03-1978
96,Dedi Hidayat,16-03-2003
97,Rini Tanuwijaya,28-08-1966
98,Ani Irawan,01-06-1960
99,Rini Siregar,22-03-1981
